ID,name,email,originPlanet_ID,department_ID,position_ID,carryingCapacity,stardustCollection,wormholeNavigationSkill,spacesuitColor
0a067701-55d7-419e-b1e1-634a1beb6f96,Han Solo,han-solo@starwars.com,2a365eea-d78c-43c2-9a89-c9fb8d86b6ef,2726272a-9807-4ce2-ae7b-f9001422e0c4,ec53b0dd-4e86-4ba6-9bb3-29ab31d0fd36,10,25.0,5,BLACK
435434d4-f3b0-48dd-9269-cbbc9e38e151,Lando Calrissian,lando.calrissian@galactic-spacefarer.com,2a365eea-d78c-43c2-9a89-c9fb8d86b6ef,2726272a-9807-4ce2-ae7b-f9001422e0c4,19e02524-b8f8-4a81-b16e-cdbcab3be728,8,16.0,4,WHITE
d897a7f2-2226-4602-b0d9-3ebf6de6cfdc,Wedge Antilles,wedge.antilles@galactic-spacefarer.com,2a365eea-d78c-43c2-9a89-c9fb8d86b6ef,c1cf83b0-7b20-41a5-9810-4b7164628022,5bbce15a-ee97-48e0-8b99-67c6c19064ab,6,9.0,3,BLUE
89d6321e-7973-4b54-9fa3-9c1c40b63668,Chewbacca Waroo,chewbacca.waroo@galactic-spacefarer.com,2a365eea-d78c-43c2-9a89-c9fb8d86b6ef,c1cf83b0-7b20-41a5-9810-4b7164628022,a2b9d478-9a76-437b-b8bd-4ee849223272,4,4.0,2,RED
1f73f302-cd26-4697-8f27-0dec535a0872,Qira Belux,qira.belux@galactic-spacefarer.com,2a365eea-d78c-43c2-9a89-c9fb8d86b6ef,628442d0-8cd2-4993-a2b8-c53c7dd9026e,df586783-cbbf-49b7-a369-de5a8507cd14,2,1.0,1,GREEN
27002208-85d2-4f3b-8c24-e6a298807de3,Dash Rendar,dash.rendar@galactic-spacefarer.com,2a365eea-d78c-43c2-9a89-c9fb8d86b6ef,628442d0-8cd2-4993-a2b8-c53c7dd9026e,a2b9d478-9a76-437b-b8bd-4ee849223272,9,22.5,5,BLACK
bfa24453-4410-4f16-8c9d-31d6f90e1b14,Nien Nunb,nien.nunb@galactic-spacefarer.com,2a365eea-d78c-43c2-9a89-c9fb8d86b6ef,28658cb1-c2be-403e-8b3e-8cccfab099d3,c305e38c-c9c3-45bb-a7ba-0267ea43735f,7,10.5,3,WHITE
d35a30b8-632e-4539-a82d-c1fe78a0e3f7,Greedo Daimler,greedo.daimler@galactic-spacefarer.com,2a365eea-d78c-43c2-9a89-c9fb8d86b6ef,28658cb1-c2be-403e-8b3e-8cccfab099d3,19e02524-b8f8-4a81-b16e-cdbcab3be728,5,10.0,4,BLUE
43ab5474-1d5b-4b72-85f5-6f3261c8bec8,BoShek Varn,boshek.varn@galactic-spacefarer.com,2a365eea-d78c-43c2-9a89-c9fb8d86b6ef,7b76c470-a61e-4f4b-b784-226fee9d9513,5bbce15a-ee97-48e0-8b99-67c6c19064ab,3,3.0,2,RED
4a78c51a-5d43-41fc-b003-edef97688cae,Tendra Risant,tendra.risant@galactic-spacefarer.com,2a365eea-d78c-43c2-9a89-c9fb8d86b6ef,7b76c470-a61e-4f4b-b784-226fee9d9513,c305e38c-c9c3-45bb-a7ba-0267ea43735f,1,0.5,1,GREEN
b878f2aa-f3b9-4f9b-ae8e-310ea169b866,Corran Horn,corran.horn@galactic-spacefarer.com,2a365eea-d78c-43c2-9a89-c9fb8d86b6ef,36135780-7aec-436e-9807-e73929ac2cd4,a2b9d478-9a76-437b-b8bd-4ee849223272,10,20.0,4,BLACK
3b55e51d-b5e7-491e-bfb3-1efbf1b9c2ad,Mirax Terrik,mirax.terrik@galactic-spacefarer.com,2a365eea-d78c-43c2-9a89-c9fb8d86b6ef,36135780-7aec-436e-9807-e73929ac2cd4,c305e38c-c9c3-45bb-a7ba-0267ea43735f,8,8.0,2,WHITE
d54680dc-85f3-408b-9209-d12e5075af30,Talon Karrde,talon.karrde@galactic-spacefarer.com,2a365eea-d78c-43c2-9a89-c9fb8d86b6ef,2726272a-9807-4ce2-ae7b-f9001422e0c4,ec53b0dd-4e86-4ba6-9bb3-29ab31d0fd36,6,15.0,5,BLUE
005ae51f-cf63-4a94-86c1-572b66506661,Mara Jade,mara.jade@galactic-spacefarer.com,2a365eea-d78c-43c2-9a89-c9fb8d86b6ef,628442d0-8cd2-4993-a2b8-c53c7dd9026e,df586783-cbbf-49b7-a369-de5a8507cd14,4,6.0,3,RED
fc37bf69-a7b4-4fb5-8aa0-a9971d541760,Kyle Katarn,kyle.katarn@galactic-spacefarer.com,2a365eea-d78c-43c2-9a89-c9fb8d86b6ef,c1cf83b0-7b20-41a5-9810-4b7164628022,5bbce15a-ee97-48e0-8b99-67c6c19064ab,2,4.0,4,GREEN
03b40c86-95e1-4a3b-92d1-b533ad77505d,Ellen Ripley,ellen-ripley@alien.com,3202ddb4-a4f6-4d3f-8c08-189caaa1e071,c1cf83b0-7b20-41a5-9810-4b7164628022,5bbce15a-ee97-48e0-8b99-67c6c19064ab,10,25.0,5,WHITE
8d12c2a3-f9df-4536-938e-873682b103ad,James Holden,james.holden@galactic-spacefarer.com,3202ddb4-a4f6-4d3f-8c08-189caaa1e071,2726272a-9807-4ce2-ae7b-f9001422e0c4,19e02524-b8f8-4a81-b16e-cdbcab3be728,8,16.0,4,BLUE
dae3aee4-32d3-4bc5-b891-204da82ef522,Naomi Nagata,naomi.nagata@galactic-spacefarer.com,3202ddb4-a4f6-4d3f-8c08-189caaa1e071,c1cf83b0-7b20-41a5-9810-4b7164628022,5bbce15a-ee97-48e0-8b99-67c6c19064ab,6,9.0,3,RED
eb67fb57-9e40-4df3-b565-1de354dbaf54,Amos Burton,amos.burton@galactic-spacefarer.com,3202ddb4-a4f6-4d3f-8c08-189caaa1e071,c1cf83b0-7b20-41a5-9810-4b7164628022,a2b9d478-9a76-437b-b8bd-4ee849223272,4,4.0,2,GREEN
2ea56fce-6f85-438f-95fe-23cfd1fede76,Alex Kamal,alex.kamal@galactic-spacefarer.com,3202ddb4-a4f6-4d3f-8c08-189caaa1e071,628442d0-8cd2-4993-a2b8-c53c7dd9026e,df586783-cbbf-49b7-a369-de5a8507cd14,2,1.0,1,BLACK
e56a0537-9795-46b7-9bd8-48fd94e2dff5,Chrisjen Avasarala,chrisjen.avasarala@galactic-spacefarer.com,3202ddb4-a4f6-4d3f-8c08-189caaa1e071,628442d0-8cd2-4993-a2b8-c53c7dd9026e,a2b9d478-9a76-437b-b8bd-4ee849223272,9,22.5,5,WHITE
b3b2b464-9d76-43e8-b6af-d6daaa31a27e,Bobbie Draper,bobbie.draper@galactic-spacefarer.com,3202ddb4-a4f6-4d3f-8c08-189caaa1e071,28658cb1-c2be-403e-8b3e-8cccfab099d3,c305e38c-c9c3-45bb-a7ba-0267ea43735f,7,10.5,3,BLUE
f34fa8c9-a2be-4a03-bdc0-a435ab041b7c,Camina Drummer,camina.drummer@galactic-spacefarer.com,3202ddb4-a4f6-4d3f-8c08-189caaa1e071,28658cb1-c2be-403e-8b3e-8cccfab099d3,19e02524-b8f8-4a81-b16e-cdbcab3be728,5,10.0,4,RED
dfb33ed8-a3fd-4978-866f-edd4b586f477,Josephus Miller,josephus.miller@galactic-spacefarer.com,3202ddb4-a4f6-4d3f-8c08-189caaa1e071,7b76c470-a61e-4f4b-b784-226fee9d9513,5bbce15a-ee97-48e0-8b99-67c6c19064ab,3,3.0,2,GREEN
9f8b12fe-e95e-4fae-9f15-99ea8abf9c5b,Clarissa Mao,clarissa.mao@galactic-spacefarer.com,3202ddb4-a4f6-4d3f-8c08-189caaa1e071,7b76c470-a61e-4f4b-b784-226fee9d9513,c305e38c-c9c3-45bb-a7ba-0267ea43735f,1,0.5,1,BLACK
ccbe14ac-063e-48f6-9d99-2c52a0a68c2f,Fred Johnson,fred.johnson@galactic-spacefarer.com,3202ddb4-a4f6-4d3f-8c08-189caaa1e071,36135780-7aec-436e-9807-e73929ac2cd4,a2b9d478-9a76-437b-b8bd-4ee849223272,10,20.0,4,WHITE
659417dc-95af-4341-aa4b-d1f2aba26dc1,Praxidike Meng,praxidike.meng@galactic-spacefarer.com,3202ddb4-a4f6-4d3f-8c08-189caaa1e071,36135780-7aec-436e-9807-e73929ac2cd4,c305e38c-c9c3-45bb-a7ba-0267ea43735f,8,8.0,2,BLUE
8940a126-9511-4d5e-b0da-cc213e1fdfae,Filip Inaros,filip.inaros@galactic-spacefarer.com,3202ddb4-a4f6-4d3f-8c08-189caaa1e071,2726272a-9807-4ce2-ae7b-f9001422e0c4,ec53b0dd-4e86-4ba6-9bb3-29ab31d0fd36,6,15.0,5,RED
7f074dba-e5fa-43f3-9f50-a9dfc5cb05b8,Monica Stuart,monica.stuart@galactic-spacefarer.com,3202ddb4-a4f6-4d3f-8c08-189caaa1e071,628442d0-8cd2-4993-a2b8-c53c7dd9026e,df586783-cbbf-49b7-a369-de5a8507cd14,4,6.0,3,GREEN
07e53ec5-be48-4413-b06f-c10418925d8f,Cotyar Ghazi,cotyar.ghazi@galactic-spacefarer.com,3202ddb4-a4f6-4d3f-8c08-189caaa1e071,c1cf83b0-7b20-41a5-9810-4b7164628022,5bbce15a-ee97-48e0-8b99-67c6c19064ab,2,4.0,4,BLACK
